variable,role,contribution,avg_row_contribution,min_row_contribution,max_row_contribution,n_rows,share_of_model_contribution,share_of_absolute_contribution,share_of_actual_kpi
baseline,baseline_control,200978.55473771,644.162034415738,505.57938271687,787.287283949797,312,0.69396607344428,0.69396607344428,0.693179067864941
tv,media,25223.4792325654,80.8444847197609,30.4529747581954,112.745158227737,312,0.0870950578009226,0.0870950578009226,0.0869962859746834
paid_search,media,23495.1809074438,75.305067011038,54.6455324755261,91.538513443865,312,0.0811273544109256,0.0811273544109256,0.0810353503735502
retail_media,media,12885.9645439895,41.3011684102227,27.1989454008522,58.5508352116632,312,0.0444944100071026,0.0444944100071026,0.0444439502652435
meta,media,11297.8619146577,36.2110958803131,19.9119071438062,52.0454039156861,312,0.0390107933727695,0.0390107933727695,0.0389665524318739
tiktok,media,7236.32275011542,23.1933421478058,9.95013059804939,35.109752709604,312,0.0249865588476683,0.0249865588476683,0.0249582223597993
display,media,6691.25285961287,21.44632326799,11.0923483379072,30.0521762302976,312,0.0231044674366796,0.0231044674366796,0.0230782653707917
promo,baseline_control,1800,5.76923076923077,0,25,312,0.00621528467965107,0.00621528467965107,0.00620823611646154
